k_min,k_max,a,b,threshold,width
0.001,0.05,1.319858407710368997e+00,1.005287878097203347e+01,-7.534726136520324136e-02,8.919114726247281619e-03