k_min,k_max,a,b,threshold,width
0.001,0.05,1.516696761529205961e+00,"9.858693749835884645e+00
",-7.376554902612807163e-02,8.982728896412821296e-03