k_cat,k_off,k_on,threshold,width
18.667199148609622,0.5016458198958961,0.008626599199414428,-0.006755022203722896,0.04998852641967151
