k_cat,k_off,k_on
18.424804805245124,0.10284943341281705,0.008210833587869861
