type,name,site,position,direction,size,twist,superhelical
EXT,EXT_L,EXT,-2815.0,0,0.0,-62.23345447111576,-0.017627118644068837
origin,ori,ori,3085.0,0,100.0,-62.23345447111576,-0.017627118644068837
EXT,EXT_R,EXT,9085.0,0,0.0,0.0,-0.06
