type,name,site,position,direction,size,twist,superhelical
EXT,EXT_L,EXT,-2815.0,0,0.0,-126.53621780471173,-0.05198084506135987
RNAP,RNAP,tetA,1253.0,1,32.0,149.2753646306953,0.1385878209497847
origin,ori,ori,3085.0,0,100.0,-126.53621780471173,-0.05198084506135987
EXT,EXT_R,EXT,7253.0,0,0.0,0.0,-0.06
