k_on,k_off,k_cat,width,threshold,RNAP_dist,fold_change
0.0003800873206082882,0.18904854436838628,18.422208158531834,0.18188174901347948,-0.12398266385313511,481.1123481820992,49.10226868362665
