k_on,width,threshold,RNAP_dist,fold_change,k_cat,k_off
0.00285535639215366,0.2041803422919731,0.2396157378376446,260.03878524636406,39.564215910406226,5.236516626440917,0.25919615135363877
