k_on,width,threshold,RNAP_dist,fold_change,k_off,k_cat
0.0005055352851929,0.2305198469202224,-0.1478427909267649,288.01309961456843,6.831232227858415,0.21650853153340477,15.244665425381557
