k_cat,k_off,k_on,threshold,width
15.454011281166155,0.5502148355993398,0.007657726982034322,-0.0002885394409305065,0.006276961451637697
