k_on,k_off,k_cat,width,threshold
0.06451516233087395,0.6958875714794505,16.51094943255461,,
