k_on,k_off,k_cat,width,threshold,sigma0
0.01656940115100991,0.1943662780834828,5.05160862183296,,,-0.11099640034733227
