k_cat,k_off,k_on,threshold,width
12.175311030708379,0.6860759855652062,0.0023144960917771016,-0.028187738157077098,0.0034049490955467498
