type,name,site,position,direction,size,twist,superhelical
EXT,EXT_L,EXT,-2815.0,0,0.0,-161.3150058225523,-0.04569116033921175
origin,ori,ori,3085.0,0,100.0,-161.3150058225523,-0.04569116033921175
EXT,EXT_R,EXT,9085.0,0,0.0,0.0,-0.06
