type,name,site,position,direction,size,twist,superhelical
EXT,EXT_L,EXT,-1108.0,0,0.0,-29.801756017831075,-0.03798818933798075
RNAP,RNAP,tetA,203.0,1,32.0,-13.201732985196701,-0.007740972333586131
origin,ori,ori,3085.0,0,100.0,-0.2561792928328603,-0.023783783783745925
NAP,lacI,lac1,3167.0,0,21.0,43.115711240117896,0.14155564827557826
RNAP,RNAP,mKalama1,3697.0,-1,32.0,-78.87165529525262,-0.11541553853400606
NAP,lacI,lac2,4871.0,0,21.0,-29.801756017831075,-0.03798818933798075
EXT,EXT_R,EXT,6203.0,0,0.0,0.0,-0.06
