type,name,site,position,direction,size,twist,superhelical
EXT,EXT_L,EXT,-2815.0,0,0.0,-58.157690900899134,-0.016472691838937414
origin,ori,ori,3085.0,0,100.0,-58.157690900899134,-0.016472691838937414
EXT,EXT_R,EXT,9085.0,0,0.0,0.0,-0.06
