type,name,site,position,direction,size,twist,superhelical
EXT,EXT_L,EXT,-2815.0,0,0.0,-77.80916394336211,-0.038837809774209794
RNAP,RNAP,tetA,533.0,1,32.0,33.10488980472793,0.021953361887228916
origin,ori,ori,3085.0,0,100.0,-77.80916394336211,-0.038837809774209794
EXT,EXT_R,EXT,6533.0,0,0.0,0.0,-0.06
