type,name,site,position,direction,size,twist,superhelical
EXT,EXT_L,EXT,-1761.0,0,0.0,-113.68646691540116,-0.07409692406728267
RNAP,RNAP,tetA,803.0,1,32.0,-9.528030017401358,-0.03809221839610653
RNAP,RNAP,tetA,1253.0,1,32.0,107.67118562314108,0.09996234161951285
origin,ori,ori,3085.0,0,100.0,-36.80881341613471,-0.060188061005395
RNAP,RNAP,mKalama1,4207.0,-1,32.0,-113.68646691540116,-0.07409692406728267
EXT,EXT_R,EXT,6803.0,0,0.0,0.0,-0.06
