type,name,site,position,direction,size,twist,superhelical
EXT,EXT_L,EXT,-2815.0,0,0.0,-138.41685634981317,-0.060426366875860095
RNAP,RNAP,tetA,1013.0,1,32.0,77.19262879591237,0.063234646398449
origin,ori,ori,3085.0,0,100.0,-138.41685634981317,-0.060426366875860095
EXT,EXT_R,EXT,7013.0,0,0.0,0.0,-0.06
