k_cat,k_off,k_on
19.98861939806053,0.014015506055231275,0.008924816899572906
