k_cat,k_off,k_on
19.350216859955378,0.884225996078674,0.009321967554585581
