k_cat,k_off,k_on
19.75454817972694,0.9884433378242157,0.006568878167045823
