drag_constant,k_DNA,k_off,k_on
0.3904461311462906,15.044994832654776,0.6987749167098813,0.006909222988336969
