threshold,width
-5.5320703960528046e-05,0.0012320982748123474
