type,name,site,position,direction,size,twist,superhelical
EXT,EXT_L,EXT,-2256.0,0,0.0,-304.8494193045623,-0.15303156076919702
RNAP,RNAP,tetA,1073.0,1,32.0,235.73068115434768,0.19895751667343747
origin,ori,ori,3085.0,0,100.0,162.00655058467333,0.7478826106563217
RNAP,RNAP,mKalama1,3547.0,-1,32.0,17.367129741520298,0.2182156220274652
RNAP,RNAP,mKalama1,3712.0,-1,32.0,-304.8494193045623,-0.15303156076919702
EXT,EXT_R,EXT,7073.0,0,0.0,0.0,-0.06
