k_cat,k_off,k_on,threshold,width
12.359019214487873,0.10079942304465332,0.00770913272824193,-0.01631451156579268,0.02835315015076655
