k_cat,k_off,k_on,sigma0
8.385008058040716,0.023715865208891185,0.0066109193303070315,-0.05470469689333329
