k_on,k_off,k_cat,width,threshold
0.06499595119714269,0.42199519042772193,10.326152675647473,0.029468400559894924,-0.04940052267768312
