k_on,k_off,k_cat,width,threshold,sigma0
0.01891384691083762,0.8938225456388136,5.233864569904199,0.18895322614979523,0.13657129845790617,-0.20914990363154623
