k_on,k_off,k_cat,width,threshold,sigma0
0.02799324336306465,0.555757579700558,7.898237598304588,0.39318365122221977,0.19990178765642783,-0.11210382780640742
