k_cat_gyrase,k_cat_topoI,k_off_gyrase,k_off_topoI,k_on_gyrase,k_on_topoI,sigma0_gyrase,threshold,threshold_topoI,width_gyrase,width_topoI
9.478715083365318,5.637573304926332,0.9405569438564083,0.5814195615609461,0.050757691773189575,0.04505044334882685,-0.12110034112862222,0.2240935368942214,-0.033091188756432216,0.07236428594592947,0.01983513245711335
