k_on,k_off,k_cat,width,threshold
0.029283939031769866,0.9797207366901879,14.169611579187084,0.020443119168421942,-0.019924368518706628
