k_cat_gyrase,k_cat_topoI,k_off_gyrase,k_off_topoI,k_on_gyrase,k_on_topoI,sigma0_gyrase,threshold_gyrase,threshold_topoI,width_gyrase,width_topoI
5.589161814004244,10.326152675647473,0.12478006227246739,0.42199519042772193,0.06328550792426312,0.06499595119714269,-0.11856452792409357,0.044553940839445166,-0.04940052267768312,0.030227971806497538,0.029468400559894924
