k_on,k_off,k_cat,width,threshold
0.012019691440839957,0.3119583170612096,17.660062464833576,0.026340842677166996,-0.0150063839833501
