k_cat_gyrase,k_cat_topoI,k_off_gyrase,k_off_topoI,k_on_gyrase,k_on_topoI,sigma0_gyrase,threshold_gyrase,threshold_topoI,width_gyrase,width_topoI
7.898237598304588,14.169611579187084,0.555757579700558,0.9797207366901879,0.02799324336306465,0.029283939031769866,-0.11210382780640742,0.19990178765642783,-0.019924368518706628,0.39318365122221977,0.020443119168421942
