k_on,k_off,k_cat,width,threshold,sigma0
0.06328550792426312,0.12478006227246739,5.589161814004244,0.030227971806497538,0.044553940839445166,-0.11856452792409357
