k_cat_gyrase,k_cat_topoI,k_off_gyrase,k_off_topoI,k_on_gyrase,k_on_topoI,sigma0_gyrase,threshold_gyrase,threshold_topoI,width_gyrase,width_topoI
18.626437484317922,8.991161184493379,0.5457956594783109,0.4774711775422091,0.05865993972520251,0.02294238016382793,-0.11792520634494391,0.01600296343919355,-0.03297549637120518,0.020413234326797976,0.012435371583590487
