k_on,k_off,k_cat,width,threshold
0.028553563921536608,0.25919615135363877,5.236516626440917,0.20418034229197313,0.23961573783764467
