k_on,k_off,k_cat,width,threshold,sigma0
0.05865993972520251,0.5457956594783109,18.626437484317922,0.020413234326797976,0.01600296343919355,-0.11792520634494391
