k_on,k_off,k_cat,width,threshold
0.0005264774136538816,0.10521218444084726,8.782749870699156,0.23774929021646524,-0.23927112942402756
