k_on,k_off,k_cat,width,threshold
0.0005055352851929477,0.21650853153340477,15.244665425381557,0.2305198469202224,-0.14784279092676497
