k_on,k_off,k_cat,width,threshold,sigma0
0.0003537288178942195,0.1670840288713026,17.63644328187644,0.24150274913390196,-0.1105102569559873,-0.11487237286879881
