k_on,k_off,k_cat,width,threshold
0.0011208388312299214,0.243769764363535,7.935688019823109,0.26351233623174,-0.13149229882241723
