k_on,k_off,k_cat,width,threshold
0.02294238016382793,0.4774711775422091,8.991161184493379,0.012435371583590487,-0.03297549637120518
