k_on,k_off,k_cat,width,threshold,sigma0
0.00017827866754090062,0.11805733786745935,17.852746842710392,0.11888656898817596,0.05000503332320361,-0.11312999005210274
