k_on,k_off,k_cat,width,threshold,sigma0
0.0009596565095938454,0.18103373650561672,11.823079596414544,0.19793519369613524,-0.2121943707244209,-0.12917284964237252
