type,name,site,position,direction,size,twist,superhelical
EXT,EXT_L,EXT,-2815.0,0,0.0,48.52845651242875,0.024608468885758673
RNAP,RNAP,tetA,480.5,1,32.0,155.44293064182148,0.10097759502178176
origin,ori,ori,3085.0,0,100.0,48.52845651242875,0.024608468885758673
EXT,EXT_R,EXT,6480.5,0,0.0,0.0,-0.06
