type,name,site,position,direction,size,twist,superhelical
EXT,EXT_L,EXT,-2815.0,0,0.0,0.46403225031550466,0.00025952368711966764
RNAP,RNAP,tetA,173.0,1,32.0,29.869514812567374,0.017331857557935832
origin,ori,ori,3085.0,0,100.0,0.46403225031550466,0.00025952368711966764
EXT,EXT_R,EXT,6173.0,0,0.0,0.0,-0.06
