type,name,site,position,direction,size,twist,superhelical
EXT,EXT_L,EXT,-1731.0,0,0.0,252.747033083033,0.08770190334369658
origin,ori,ori,3085.0,0,100.0,64.3071281974502,0.10215339539070176
RNAP,RNAP,mKalama1,4237.0,-1,32.0,252.747033083033,0.08770190334369658
EXT,EXT_R,EXT,9085.0,0,0.0,0.0,-0.06
