type,name,site,position,direction,size,twist,superhelical
EXT,EXT_L,EXT,-2815.0,0,0.0,16.156762218462603,0.004576271186440908
origin,ori,ori,3085.0,0,100.0,16.156762218462603,0.004576271186440908
EXT,EXT_R,EXT,9085.0,0,0.0,0.0,-0.06
