type,name,site,position,direction,size,twist,superhelical
EXT,EXT_L,EXT,-2815.0,0,0.0,-64.92624817418627,-0.018389830508473787
origin,ori,ori,3085.0,0,100.0,-64.92624817418627,-0.018389830508473787
EXT,EXT_R,EXT,9085.0,0,0.0,0.0,-0.06
