type,name,site,position,direction,size,twist,superhelical
EXT,EXT_L,EXT,-2815.0,0,0.0,-95.46727647293832,-0.05407149094017344
RNAP,RNAP,tetA,135.5,1,32.0,-6.207632325252599,-0.04987375663144407
RNAP,RNAP,tetA,375.5,1,32.0,-16.286403905004104,-0.03675441959495175
RNAP,RNAP,tetA,1148.0,1,32.0,121.8509036076411,0.10689150819337874
origin,ori,ori,3085.0,0,100.0,-95.46727647293832,-0.05407149094017344
EXT,EXT_R,EXT,6135.5,0,0.0,0.0,-0.06
