type,name,site,position,direction,size,twist,superhelical
EXT,EXT_L,EXT,-2815.0,0,0.0,20.37605583378334,0.010622671991877159
RNAP,RNAP,tetA,390.5,1,32.0,103.95671870508558,0.06524877720940646
origin,ori,ori,3085.0,0,100.0,20.37605583378334,0.010622671991877159
EXT,EXT_R,EXT,6390.5,0,0.0,0.0,-0.06
