type,name,site,position,direction,size,twist,superhelical
EXT,EXT_L,EXT,-2815.0,0,0.0,-30.06952968436174,-0.008516949152543023
origin,ori,ori,3085.0,0,100.0,-30.06952968436174,-0.008516949152543023
EXT,EXT_R,EXT,9085.0,0,0.0,0.0,-0.06
