type,name,site,position,direction,size,twist,superhelical
EXT,EXT_L,EXT,-2286.0,0,0.0,-96.92428827387938,-0.030156914101050675
origin,ori,ori,3085.0,0,100.0,75.83073759977873,0.2549754238163922
RNAP,RNAP,mKalama1,3682.0,-1,32.0,-96.92428827387938,-0.030156914101050675
EXT,EXT_R,EXT,9085.0,0,0.0,0.0,-0.06
