type,name,site,position,direction,size,twist,superhelical
EXT,EXT_L,EXT,-2815.0,0,0.0,-48.320687005212946,-0.01368644067796568
origin,ori,ori,3085.0,0,100.0,-48.320687005212946,-0.01368644067796568
EXT,EXT_R,EXT,9085.0,0,0.0,0.0,-0.06
