type,name,site,position,direction,size,twist,superhelical
EXT,EXT_L,EXT,-2815.0,0,0.0,-101.78038860238118,-0.04915126297840519
RNAP,RNAP,tetA,645.5,1,32.0,38.619277673334174,0.026806942418970237
origin,ori,ori,3085.0,0,100.0,-101.78038860238118,-0.04915126297840519
EXT,EXT_R,EXT,6645.5,0,0.0,0.0,-0.06
