type,name,site,position,direction,size,twist,superhelical
EXT,EXT_L,EXT,-2815.0,0,0.0,39.94310659564043,0.011313559322033552
origin,ori,ori,3085.0,0,100.0,39.94310659564043,0.011313559322033552
EXT,EXT_R,EXT,9085.0,0,0.0,0.0,-0.06
