type,name,site,position,direction,size,twist,superhelical
EXT,EXT_L,EXT,-2815.0,0,0.0,-47.69383693732161,-0.024075654429159446
RNAP,RNAP,tetA,495.5,1,32.0,58.465011749626676,0.03820232804994239
origin,ori,ori,3085.0,0,100.0,-47.69383693732161,-0.024075654429159446
EXT,EXT_R,EXT,6495.5,0,0.0,0.0,-0.06
