type,name,site,position,direction,size,twist,superhelical
EXT,EXT_L,EXT,-2815.0,0,0.0,191.1986435226545,0.09694089711938847
topo,gyrase,4,481.0,0,120.0,143.59754828431429,0.0966061699138165
origin,ori,ori,3085.0,0,100.0,191.1986435226545,0.09694089711938847
EXT,EXT_R,EXT,6481.0,0,0.0,0.0,-0.06
