type,name,site,position,direction,size,twist,superhelical
EXT,EXT_L,EXT,-2815.0,0,0.0,-75.22078442828109,-0.021305673980103974
origin,ori,ori,3085.0,0,100.0,-75.22078442828109,-0.021305673980103974
EXT,EXT_R,EXT,9085.0,0,0.0,0.0,-0.06
