type,name,site,position,direction,size,twist,superhelical
EXT,EXT_L,EXT,-2815.0,0,0.0,-65.82384607521007,-0.018644067796608856
origin,ori,ori,3085.0,0,100.0,-65.82384607521007,-0.018644067796608856
EXT,EXT_R,EXT,9085.0,0,0.0,0.0,-0.06
