type,name,site,position,direction,size,twist,superhelical
EXT,EXT_L,EXT,-2815.0,0,0.0,-85.82104216490134,-0.041354628707999205
RNAP,RNAP,tetA,653.0,1,32.0,134.44092847046258,0.09361160514972894
origin,ori,ori,3085.0,0,100.0,-85.82104216490134,-0.041354628707999205
EXT,EXT_R,EXT,6653.0,0,0.0,0.0,-0.06
