type,name,site,position,direction,size,twist,superhelical
EXT,EXT_L,EXT,-2815.0,0,0.0,-158.94795354875862,-0.0759354491901292
RNAP,RNAP,tetA,683.0,1,32.0,-15.891345062779006,-0.04868277589507384
RNAP,RNAP,tetA,1260.5,1,32.0,423.82332762702583,0.3951255591016561
origin,ori,ori,3085.0,0,100.0,-158.94795354875862,-0.0759354491901292
EXT,EXT_R,EXT,6683.0,0,0.0,0.0,-0.06
