type,name,site,position,direction,size,twist,superhelical
EXT,EXT_L,EXT,-2815.0,0,0.0,59.09186181752884,0.016737288135595073
origin,ori,ori,3085.0,0,100.0,59.09186181752884,0.016737288135595073
EXT,EXT_R,EXT,9085.0,0,0.0,0.0,-0.06
