type,name,site,position,direction,size,twist,superhelical
EXT,EXT_L,EXT,-2815.0,0,0.0,-53.10787581068669,-0.015042372881356526
origin,ori,ori,3085.0,0,100.0,-53.10787581068669,-0.015042372881356526
EXT,EXT_R,EXT,9085.0,0,0.0,0.0,-0.06
