type,name,site,position,direction,size,twist,superhelical
EXT,EXT_L,EXT,-2815.0,0,0.0,63.72945097281725,0.018050847457625908
origin,ori,ori,3085.0,0,100.0,63.72945097281725,0.018050847457625908
EXT,EXT_R,EXT,9085.0,0,0.0,0.0,-0.06
