type,name,site,position,direction,size,twist,superhelical
EXT,EXT_L,EXT,-2815.0,0,0.0,-113.04379782211349,-0.0484945531247175
RNAP,RNAP,tetA,1080.5,1,32.0,96.73743595348698,0.08195717703287576
origin,ori,ori,3085.0,0,100.0,-113.04379782211349,-0.0484945531247175
EXT,EXT_R,EXT,7080.5,0,0.0,0.0,-0.06
