type,name,site,position,direction,size,twist,superhelical
EXT,EXT_L,EXT,-2815.0,0,0.0,-171.76348309339573,-0.07396948265905137
RNAP,RNAP,tetA,1065.5,1,32.0,177.74746910023782,0.14945337230614147
origin,ori,ori,3085.0,0,100.0,-171.76348309339573,-0.07396948265905137
EXT,EXT_R,EXT,7065.5,0,0.0,0.0,-0.06
