type,name,site,position,direction,size,twist,superhelical
EXT,EXT_L,EXT,-2815.0,0,0.0,-92.88516847914245,-0.04764361690775929
RNAP,RNAP,tetA,443.0,1,32.0,-1.661810428892025,-0.0010640214998154018
origin,ori,ori,3085.0,0,100.0,-92.88516847914245,-0.04764361690775929
EXT,EXT_R,EXT,6443.0,0,0.0,0.0,-0.06
