type,name,site,position,direction,size,twist,superhelical
EXT,EXT_L,EXT,-2815.0,0,0.0,-31.40766643251349,-0.01820540975338783
RNAP,RNAP,tetA,68.0,1,32.0,-29.180191886716656,-0.016336282640194388
origin,ori,ori,3085.0,0,100.0,-31.40766643251349,-0.01820540975338783
EXT,EXT_R,EXT,6068.0,0,0.0,0.0,-0.06
