type,name,site,position,direction,size,twist,superhelical
EXT,EXT_L,EXT,-2815.0,0,0.0,-97.57445976302792,-0.0470182539514057
RNAP,RNAP,tetA,653.0,1,32.0,42.82098780046511,0.02981637695978274
origin,ori,ori,3085.0,0,100.0,-97.57445976302792,-0.0470182539514057
EXT,EXT_R,EXT,6653.0,0,0.0,0.0,-0.06
