type,name,site,position,direction,size,twist,superhelical
EXT,EXT_L,EXT,-2815.0,0,0.0,-147.59030354042434,-0.06283075449990162
RNAP,RNAP,tetA,1110.5,1,32.0,70.84568300273388,0.060948327819494955
origin,ori,ori,3085.0,0,100.0,-147.59030354042434,-0.06283075449990162
EXT,EXT_R,EXT,7110.5,0,0.0,0.0,-0.06
