type,name,site,position,direction,size,twist,superhelical
EXT,EXT_L,EXT,-2815.0,0,0.0,-120.69663064221176,-0.05217937821835974
RNAP,RNAP,tetA,1050.5,1,32.0,105.88626527528676,0.08836423795409078
origin,ori,ori,3085.0,0,100.0,-120.69663064221176,-0.05217937821835974
EXT,EXT_R,EXT,7050.5,0,0.0,0.0,-0.06
