type,name,site,position,direction,size,twist,superhelical
EXT,EXT_L,EXT,-2815.0,0,0.0,-61.7100086603903,-0.029995711350703974
RNAP,RNAP,tetA,623.0,1,32.0,75.02437752560627,0.051594755400709354
origin,ori,ori,3085.0,0,100.0,-61.7100086603903,-0.029995711350703974
EXT,EXT_R,EXT,6623.0,0,0.0,0.0,-0.06
