type,name,site,position,direction,size,twist,superhelical
EXT,EXT_L,EXT,-2815.0,0,0.0,-90.35818870324435,-0.02559322033898165
origin,ori,ori,3085.0,0,100.0,-90.35818870324435,-0.02559322033898165
EXT,EXT_R,EXT,9085.0,0,0.0,0.0,-0.06
