type,name,site,position,direction,size,twist,superhelical
EXT,EXT_L,EXT,-2815.0,0,0.0,-24.683942278203745,-0.006991525423728311
origin,ori,ori,3085.0,0,100.0,-24.683942278203745,-0.006991525423728311
EXT,EXT_R,EXT,9085.0,0,0.0,0.0,-0.06
