type,name,site,position,direction,size,twist,superhelical
EXT,EXT_L,EXT,-2815.0,0,0.0,-82.87820619470003,-0.023474576271185835
origin,ori,ori,3085.0,0,100.0,-82.87820619470003,-0.023474576271185835
EXT,EXT_R,EXT,9085.0,0,0.0,0.0,-0.06
