type,name,site,position,direction,size,twist,superhelical
EXT,EXT_L,EXT,-2815.0,0,0.0,-45.2590257550961,-0.02180898948059196
RNAP,RNAP,tetA,653.0,1,32.0,44.652318606064526,0.031091537866678533
origin,ori,ori,3085.0,0,100.0,-45.2590257550961,-0.02180898948059196
EXT,EXT_R,EXT,6653.0,0,0.0,0.0,-0.06
