type,name,site,position,direction,size,twist,superhelical
EXT,EXT_L,EXT,-2815.0,0,0.0,-151.17707682670041,-0.07495507495063113
RNAP,RNAP,tetA,555.5,1,32.0,182.07041590967398,0.12182693500285473
origin,ori,ori,3085.0,0,100.0,-151.17707682670041,-0.07495507495063113
EXT,EXT_R,EXT,6555.5,0,0.0,0.0,-0.06
