type,name,site,position,direction,size,twist,superhelical
EXT,EXT_L,EXT,-2815.0,0,0.0,-164.63762727554882,-0.07090075199024838
RNAP,RNAP,tetA,1065.5,1,32.0,77.12183192554863,0.06484546822548971
origin,ori,ori,3085.0,0,100.0,-164.63762727554882,-0.07090075199024838
EXT,EXT_R,EXT,7065.5,0,0.0,0.0,-0.06
