type,name,site,position,direction,size,twist,superhelical
EXT,EXT_L,EXT,-2815.0,0,0.0,-84.1944122238082,-0.023847380899055186
origin,ori,ori,3085.0,0,100.0,-84.1944122238082,-0.023847380899055186
EXT,EXT_R,EXT,9085.0,0,0.0,0.0,-0.06
