type,name,site,position,direction,size,twist,superhelical
EXT,EXT_L,EXT,-1374.0,0,0.0,17.679323620563444,0.006625789037835108
origin,ori,ori,3085.0,0,100.0,-23.81290927756698,-0.028243004485236485
RNAP,RNAP,Raspberry,4594.0,1,32.0,17.679323620563444,0.006625789037835108
EXT,EXT_R,EXT,9085.0,0,0.0,0.0,-0.06
