type,name,site,position,direction,size,twist,superhelical
EXT,EXT_L,EXT,-2815.0,0,0.0,-252.8143432924548,-0.13725953554419043
RNAP,RNAP,tetA,263.0,1,32.0,-3.413636293145285,-0.13266556848152666
RNAP,RNAP,tetA,338.0,1,32.0,-46.89442522119307,-0.12942450134230274
RNAP,RNAP,tetA,975.5,1,32.0,192.56826333046672,0.15490060429000635
origin,ori,ori,3085.0,0,100.0,-252.8143432924548,-0.13725953554419043
EXT,EXT_R,EXT,6263.0,0,0.0,0.0,-0.06
