type,name,site,position,direction,size,twist,superhelical
EXT,EXT_L,EXT,-2815.0,0,0.0,-127.1587848560351,-0.0544449055233581
RNAP,RNAP,tetA,1088.0,1,32.0,120.4268005983461,0.10241652226853558
origin,ori,ori,3085.0,0,100.0,-127.1587848560351,-0.0544449055233581
EXT,EXT_R,EXT,7088.0,0,0.0,0.0,-0.06
