type,name,site,position,direction,size,twist,superhelical
EXT,EXT_L,EXT,-2815.0,0,0.0,-31.415926535899416,-0.008898305084746183
origin,ori,ori,3085.0,0,100.0,-31.415926535899416,-0.008898305084746183
EXT,EXT_R,EXT,9085.0,0,0.0,0.0,-0.06
