type,name,site,position,direction,size,twist,superhelical
EXT,EXT_L,EXT,-2815.0,0,0.0,-236.04938930537523,-0.09934982616260503
RNAP,RNAP,tetA,1155.5,1,32.0,204.6334627694793,0.18022054533787962
origin,ori,ori,3085.0,0,100.0,-236.04938930537523,-0.09934982616260503
EXT,EXT_R,EXT,7155.5,0,0.0,0.0,-0.06
