type,name,site,position,direction,size,twist,superhelical
EXT,EXT_L,EXT,-2815.0,0,0.0,-180.6253382409099,-0.0851955580020341
RNAP,RNAP,tetA,728.0,1,32.0,-5.674396417441417,-0.0581756841008393
RNAP,RNAP,tetA,923.0,1,32.0,141.12064030672713,0.11071854390124149
origin,ori,ori,3085.0,0,100.0,-180.6253382409099,-0.0851955580020341
EXT,EXT_R,EXT,6728.0,0,0.0,0.0,-0.06
