type,name,site,position,direction,size,twist,superhelical
EXT,EXT_L,EXT,-2815.0,0,0.0,-108.24133797185442,-0.061936316330615145
RNAP,RNAP,tetA,105.5,1,32.0,-27.658104174726986,-0.0594089999454538
RNAP,RNAP,tetA,915.5,1,32.0,-1.9425397634698407,-0.01903947482605429
RNAP,RNAP,tetA,1118.0,1,32.0,97.74838371823878,0.08441858072558704
origin,ori,ori,3085.0,0,100.0,-108.24133797185442,-0.061936316330615145
EXT,EXT_R,EXT,6105.5,0,0.0,0.0,-0.06
