type,name,site,position,direction,size,twist,superhelical
EXT,EXT_L,EXT,-2815.0,0,0.0,-55.056536593029854,-0.01559431516222974
origin,ori,ori,3085.0,0,100.0,-55.056536593029854,-0.01559431516222974
EXT,EXT_R,EXT,9085.0,0,0.0,0.0,-0.06
