type,name,site,position,direction,size,twist,superhelical
EXT,EXT_L,EXT,-2815.0,0,0.0,-136.42386748472285,-0.06198520801849565
RNAP,RNAP,tetA,863.0,1,32.0,55.640056392411296,0.042457349357087996
origin,ori,ori,3085.0,0,100.0,-136.42386748472285,-0.06198520801849565
EXT,EXT_R,EXT,6863.0,0,0.0,0.0,-0.06
