type,name,site,position,direction,size,twist,superhelical
EXT,EXT_L,EXT,-2815.0,0,0.0,-97.9307995804897,-0.053039959085676484
RNAP,RNAP,tetA,270.5,1,32.0,-11.60736164180445,-0.04189497690336626
RNAP,RNAP,tetA,765.5,1,32.0,27.25835362827842,0.019913516094040573
origin,ori,ori,3085.0,0,100.0,-97.9307995804897,-0.053039959085676484
EXT,EXT_R,EXT,6270.5,0,0.0,0.0,-0.06
