type,name,site,position,direction,size,twist,superhelical
EXT,EXT_L,EXT,-2815.0,0,0.0,-65.97344572538356,-0.018686440677965505
origin,ori,ori,3085.0,0,100.0,-65.97344572538356,-0.018686440677965505
EXT,EXT_R,EXT,9085.0,0,0.0,0.0,-0.06
