type,name,site,position,direction,size,twist,superhelical
EXT,EXT_L,EXT,-2815.0,0,0.0,-55.21647247995929,-0.03019922520715851
RNAP,RNAP,tetA,240.5,1,32.0,-5.634179498772221,-0.019098233131266677
RNAP,RNAP,tetA,765.5,1,32.0,110.81693513583274,0.08095701051549639
origin,ori,ori,3085.0,0,100.0,-55.21647247995929,-0.03019922520715851
EXT,EXT_R,EXT,6240.5,0,0.0,0.0,-0.06
