type,name,site,position,direction,size,twist,superhelical
EXT,EXT_L,EXT,-2815.0,0,0.0,-82.56812661748653,-0.026453569339840874
topo,gyrase,20,2401.0,0,120.0,9.863716400261946,0.029226102543904238
origin,ori,ori,3085.0,0,100.0,-82.56812661748653,-0.026453569339840874
EXT,EXT_R,EXT,8401.0,0,0.0,0.0,-0.06
