type,name,site,position,direction,size,twist,superhelical
EXT,EXT_L,EXT,-2815.0,0,0.0,-90.43252963370186,-0.04367121315672115
RNAP,RNAP,tetA,645.5,1,32.0,49.143026186522924,0.034111830998477914
origin,ori,ori,3085.0,0,100.0,-90.43252963370186,-0.04367121315672115
EXT,EXT_R,EXT,6645.5,0,0.0,0.0,-0.06
