type,name,site,position,direction,size,twist,superhelical
EXT,EXT_L,EXT,-2815.0,0,0.0,-314.64755246962716,-0.12854565205396173
RNAP,RNAP,tetA,1275.5,1,32.0,288.35340224096484,0.27109711836970984
origin,ori,ori,3085.0,0,100.0,-314.64755246962716,-0.12854565205396173
EXT,EXT_R,EXT,7275.5,0,0.0,0.0,-0.06
