type,name,site,position,direction,size,twist,superhelical
EXT,EXT_L,EXT,-2815.0,0,0.0,-110.89555908285097,-0.05197603481902627
RNAP,RNAP,tetA,750.5,1,32.0,54.79569026874926,0.039770055221385915
origin,ori,ori,3085.0,0,100.0,-110.89555908285097,-0.05197603481902627
EXT,EXT_R,EXT,6750.5,0,0.0,0.0,-0.06
