type,name,site,position,direction,size,twist,superhelical
EXT,EXT_L,EXT,-2815.0,0,0.0,-37.25031289256209,-0.010550847457626383
origin,ori,ori,3085.0,0,100.0,-37.25031289256209,-0.010550847457626383
EXT,EXT_R,EXT,9085.0,0,0.0,0.0,-0.06
