type,name,site,position,direction,size,twist,superhelical
EXT,EXT_L,EXT,-2815.0,0,0.0,-115.02132775811921,-0.04924807460256876
RNAP,RNAP,tetA,1088.0,1,32.0,133.122885428802,0.11321386013935052
origin,ori,ori,3085.0,0,100.0,-115.02132775811921,-0.04924807460256876
EXT,EXT_R,EXT,7088.0,0,0.0,0.0,-0.06
