type,name,site,position,direction,size,twist,superhelical
EXT,EXT_L,EXT,-2815.0,0,0.0,-158.1506927515721,-0.06594058814885553
RNAP,RNAP,tetA,1193.0,1,32.0,113.7195966508035,0.1021719770433415
origin,ori,ori,3085.0,0,100.0,-158.1506927515721,-0.06594058814885553
EXT,EXT_R,EXT,7193.0,0,0.0,0.0,-0.06
