type,name,site,position,direction,size,twist,superhelical
EXT,EXT_L,EXT,-2815.0,0,0.0,-98.48773642324875,-0.05550008629228235
RNAP,RNAP,tetA,150.5,1,32.0,80.87172065296404,0.046562242215949894
origin,ori,ori,3085.0,0,100.0,-98.48773642324875,-0.05550008629228235
EXT,EXT_R,EXT,6150.5,0,0.0,0.0,-0.06
