type,name,site,position,direction,size,twist,superhelical
EXT,EXT_L,EXT,-2815.0,0,0.0,-24.67874147237027,-0.013665112257605772
RNAP,RNAP,tetA,203.0,1,32.0,10.91557365664578,0.006400459225774714
origin,ori,ori,3085.0,0,100.0,-24.67874147237027,-0.013665112257605772
EXT,EXT_R,EXT,6203.0,0,0.0,0.0,-0.06
