type,name,site,position,direction,size,twist,superhelical
EXT,EXT_L,EXT,-2815.0,0,0.0,-13.911376114422366,-0.00394028387713879
origin,ori,ori,3085.0,0,100.0,-13.911376114422366,-0.00394028387713879
EXT,EXT_R,EXT,9085.0,0,0.0,0.0,-0.06
