type,name,site,position,direction,size,twist,superhelical
EXT,EXT_L,EXT,-2815.0,0,0.0,-103.30809333368781,-0.05168116569743469
RNAP,RNAP,tetA,525.5,1,32.0,-5.2253821111880505,-0.02724579289131105
RNAP,RNAP,tetA,878.0,1,32.0,88.48712232197136,0.0679876830500914
origin,ori,ori,3085.0,0,100.0,-103.30809333368781,-0.05168116569743469
EXT,EXT_R,EXT,6525.5,0,0.0,0.0,-0.06
