type,name,site,position,direction,size,twist,superhelical
EXT,EXT_L,EXT,-2815.0,0,0.0,-53.79212195349605,-0.015236180023247467
origin,ori,ori,3085.0,0,100.0,-53.79212195349605,-0.015236180023247467
EXT,EXT_R,EXT,9085.0,0,0.0,0.0,-0.06
