type,name,site,position,direction,size,twist,superhelical
EXT,EXT_L,EXT,-2815.0,0,0.0,-7.503845029430335,-0.004114132972640603
RNAP,RNAP,tetA,233.0,1,32.0,36.22697786225735,0.021468041595964066
origin,ori,ori,3085.0,0,100.0,-7.503845029430335,-0.004114132972640603
EXT,EXT_R,EXT,6233.0,0,0.0,0.0,-0.06
