type,name,site,position,direction,size,twist,superhelical
EXT,EXT_L,EXT,-2815.0,0,0.0,-104.03726204827012,-0.058627370584270734
RNAP,RNAP,tetA,150.5,1,32.0,-13.945451841711128,-0.05382129270141378
RNAP,RNAP,tetA,615.5,1,32.0,124.7146981476782,0.08550321526456395
origin,ori,ori,3085.0,0,100.0,-104.03726204827012,-0.058627370584270734
EXT,EXT_R,EXT,6150.5,0,0.0,0.0,-0.06
