type,name,site,position,direction,size,twist,superhelical
EXT,EXT_L,EXT,-1411.5,0,0.0,-131.5544636998535,-0.10168557050331518
RNAP,RNAP,tetA,750.5,1,32.0,185.88751087137948,0.1349149273613025
origin,ori,ori,3085.0,0,100.0,-89.1897656613509,-0.10867474795568627
RNAP,RNAP,Raspberry,4556.5,1,32.0,-131.5544636998535,-0.10168557050331518
EXT,EXT_R,EXT,6750.5,0,0.0,0.0,-0.06
