type,name,site,position,direction,size,twist,superhelical
EXT,EXT_L,EXT,-2815.0,0,0.0,-132.7764915315113,-0.060082958844628116
RNAP,RNAP,tetA,878.0,1,32.0,37.48151437262259,0.028798329661248026
origin,ori,ori,3085.0,0,100.0,-132.7764915315113,-0.060082958844628116
EXT,EXT_R,EXT,6878.0,0,0.0,0.0,-0.06
