type,name,site,position,direction,size,twist,superhelical
EXT,EXT_L,EXT,-894.0,0,0.0,16.934511775746017,0.0261550075864675
RNAP,RNAP,tetA,188.0,1,32.0,63.110122040308426,0.03681152626855235
origin,ori,ori,3085.0,0,100.0,-71.8166530566538,-0.06353347854312459
RNAP,RNAP,Raspberry,5074.0,1,32.0,16.934511775746017,0.0261550075864675
EXT,EXT_R,EXT,6188.0,0,0.0,0.0,-0.06
