type,name,site,position,direction,size,twist,superhelical
EXT,EXT_L,EXT,-2815.0,0,0.0,-217.63160577840537,-0.09729535346252782
RNAP,RNAP,tetA,923.0,1,32.0,-0.08186878672515652,-0.06840656598428521
RNAP,RNAP,tetA,953.0,1,32.0,211.11514950053495,0.16800009802297308
origin,ori,ori,3085.0,0,100.0,-217.63160577840537,-0.09729535346252782
EXT,EXT_R,EXT,6923.0,0,0.0,0.0,-0.06
