type,name,site,position,direction,size,twist,superhelical
EXT,EXT_L,EXT,-2815.0,0,0.0,44.281496450602276,0.012542372881356864
origin,ori,ori,3085.0,0,100.0,44.281496450602276,0.012542372881356864
EXT,EXT_R,EXT,9085.0,0,0.0,0.0,-0.06
