type,name,site,position,direction,size,twist,superhelical
EXT,EXT_L,EXT,-2815.0,0,0.0,-31.11672723555451,-0.008813559322033463
origin,ori,ori,3085.0,0,100.0,-31.11672723555451,-0.008813559322033463
EXT,EXT_R,EXT,9085.0,0,0.0,0.0,-0.06
