type,name,site,position,direction,size,twist,superhelical
EXT,EXT_L,EXT,-2815.0,0,0.0,-50.265482457436995,-0.014237288135593306
origin,ori,ori,3085.0,0,100.0,-50.265482457436995,-0.014237288135593306
EXT,EXT_R,EXT,9085.0,0,0.0,0.0,-0.06
