type,name,site,position,direction,size,twist,superhelical
EXT,EXT_L,EXT,-2815.0,0,0.0,-7.1142518724138855,-0.0038252309185656816
RNAP,RNAP,tetA,293.0,1,32.0,51.32656479977398,0.031077247553626928
origin,ori,ori,3085.0,0,100.0,-7.1142518724138855,-0.0038252309185656816
EXT,EXT_R,EXT,6293.0,0,0.0,0.0,-0.06
