type,name,site,position,direction,size,twist,superhelical
EXT,EXT_L,EXT,-2815.0,0,0.0,-112.04212316067591,-0.05469956360592792
RNAP,RNAP,tetA,608.0,1,32.0,7.322368041016078,0.005004746921509686
origin,ori,ori,3085.0,0,100.0,-112.04212316067591,-0.05469956360592792
EXT,EXT_R,EXT,6608.0,0,0.0,0.0,-0.06
