type,name,site,position,direction,size,twist,superhelical
EXT,EXT_L,EXT,-2815.0,0,0.0,-162.3142834753265,-0.07941670788169587
RNAP,RNAP,tetA,600.5,1,32.0,115.1903936714833,0.07849042437102484
origin,ori,ori,3085.0,0,100.0,-162.3142834753265,-0.07941670788169587
EXT,EXT_R,EXT,6600.5,0,0.0,0.0,-0.06
