type,name,site,position,direction,size,twist,superhelical
EXT,EXT_L,EXT,-2815.0,0,0.0,-39.793506945467016,-0.01127118644067692
origin,ori,ori,3085.0,0,100.0,-39.793506945467016,-0.01127118644067692
EXT,EXT_R,EXT,9085.0,0,0.0,0.0,-0.06
