type,name,site,position,direction,size,twist,superhelical
EXT,EXT_L,EXT,-2815.0,0,0.0,5.983986006836727,0.0016949152542370123
origin,ori,ori,3085.0,0,100.0,5.983986006836727,0.0016949152542370123
EXT,EXT_R,EXT,9085.0,0,0.0,0.0,-0.06
