type,name,site,position,direction,size,twist,superhelical
EXT,EXT_L,EXT,-2815.0,0,0.0,-69.71343697965942,-0.019745762711864463
origin,ori,ori,3085.0,0,100.0,-69.71343697965942,-0.019745762711864463
EXT,EXT_R,EXT,9085.0,0,0.0,0.0,-0.06
