type,name,site,position,direction,size,twist,superhelical
EXT,EXT_L,EXT,-804.0,0,0.0,43.706771826937214,0.018781065111825607
origin,ori,ori,3085.0,0,100.0,-81.88562729240405,-0.10678211056851389
RNAP,RNAP,Raspberry,4466.5,1,32.0,-42.30575632650103,-0.10623333963387012
RNAP,RNAP,Raspberry,5164.0,1,32.0,43.706771826937214,0.018781065111825607
EXT,EXT_R,EXT,9085.0,0,0.0,0.0,-0.06
