type,name,site,position,direction,size,twist,superhelical
EXT,EXT_L,EXT,-2815.0,0,0.0,24.833541928384022,0.007033898305086887
origin,ori,ori,3085.0,0,100.0,24.833541928384022,0.007033898305086887
EXT,EXT_R,EXT,9085.0,0,0.0,0.0,-0.06
