type,name,site,position,direction,size,twist,superhelical
EXT,EXT_L,EXT,-2815.0,0,0.0,39.23302908919062,0.011112435656971946
origin,ori,ori,3085.0,0,100.0,39.23302908919062,0.011112435656971946
EXT,EXT_R,EXT,9085.0,0,0.0,0.0,-0.06
