type,name,site,position,direction,size,twist,superhelical
EXT,EXT_L,EXT,-2815.0,0,0.0,-104.97462625853498,-0.04951338470698172
RNAP,RNAP,tetA,728.0,1,32.0,46.68390282553701,0.033554720827446066
origin,ori,ori,3085.0,0,100.0,-104.97462625853498,-0.04951338470698172
EXT,EXT_R,EXT,6728.0,0,0.0,0.0,-0.06
