type,name,site,position,direction,size,twist,superhelical
EXT,EXT_L,EXT,-706.5,0,0.0,75.07847610394334,0.033091299278219154
origin,ori,ori,3085.0,0,100.0,-92.13283622342553,-0.07414671861948428
RNAP,RNAP,Raspberry,5261.5,1,32.0,75.07847610394334,0.033091299278219154
EXT,EXT_R,EXT,9085.0,0,0.0,0.0,-0.06
