k_cat,k_off,k_on,threshold,width
-15.131629754689367,0.7047308484863793,0.002293709604464363,0.022576874422315717,0.004044333050984773
