k_cat,k_off,k_on,threshold,width
-6.012346038099304,0.7054386929171313,0.0016697883201629992,0.03106500401905448,0.04976393604538442
