k_cat,k_off,k_on,threshold,width
8.87956921447097,0.6638132332828588,0.006785475934727068,-0.047442426170666734,0.006445505572066568
