k_on,width,threshold,RNAP_dist,fold_change,k_off,k_cat
0.0003538809645019,0.0042457821595082,0.0115578878805131,390.4818741656208,22.26002996502252,0.2074467182450521,15.10842990308722
