k_on,k_off,k_cat,width,threshold
0.049380859461342456,0.6231773732047796,13.510313695091437,0.04084067073245232,0.0991040825680195
