k_on,k_off,k_cat,width,threshold,sigma0
0.09336735024585997,0.5324414250879362,16.73945664660146,0.040174868997326425,0.03525635060747141,-0.08507511113449881
