type,name,site,position,direction,size,twist,superhelical
EXT,EXT_L,EXT,-839.0,0,0.0,-13.328496275656354,-0.01687394598155498
topo,topoI,4,481.0,0,120.0,-5.831004103706421,-0.04060144927536266
topo,gyrase,7,841.0,0,120.0,-27.55149439001284,-0.0426315217391308
topo,topoI,17,2041.0,0,120.0,-13.328496275656354,-0.01687394598155498
EXT,EXT_R,EXT,3481.0,0,0.0,0.0,-0.06
