k_on,k_off,k_cat,width,threshold,sigma0
0.06555304739219116,0.13955955064633818,12.111786828566386,0.007486882639403328,0.025732216718119434,-0.11
