k_on,k_off,k_cat,width,threshold
0.04268399730173672,0.6758078210149608,18.821666853535262,0.0014951121474563748,0.010461247014010019
